filename	pls_id	cluster	scovs	slen
kp_demo_blast	NZ_MT269831.1	AA160	0.852906999016741	156622
kp_demo_blast	CP017388.1	AA864	1	10077
kp_demo_blast	NZ_CP060657.1	AB864	0.874837451235371	3076
